{
  "academic_config": {
    "documentation_standards": "IEEE Academic Standards",
    "evaluation_metrics": ["innovation", "technical_complexity", "practical_impact"],
    "deliverable_quality": "publication_ready"
  },
  "intelligence_settings": {
    "research_classification_accuracy": 0.92,
    "complexity_assessment_precision": 0.87,
    "innovation_scoring_reliability": 0.83
  },
  "system_metadata": {
    "version": "academic-v1.0",
    "week": "6",
    "focus": "Advanced Intelligence & Academic Documentation",
    "grade_target": "A (90-95%)",
    "features": [
      "Research domain classification",
      "Complexity assessment and roadmapping",
      "Intelligent code optimization",
      "Academic documentation generation"
    ]
  }
}