{
  "final_metrics": {
    "simple_pipeline": 75,
    "advanced_workflow": 85,
    "langgraph_fixed": 100,
    "overall_success_rate": "75-100%"
  },
  "achievements": {
    "model_training": "\u2705 SUCCESS - Personal style integration",
    "multi_agent_system": "\u2705 SUCCESS - 3 working workflows",
    "langgraph_integration": "\u2705 SUCCESS - Fixed improvement loop",
    "web_interface": "\u2705 SUCCESS - Professional Gradio interface",
    "code_generation": "\u2705 SUCCESS - 1500-2500 char outputs"
  }
}