{
  "status": "Week 3-4 COMPLETED \u2705",
  "phase": "Multi-Agent System Development",
  "completion_date": "2025-11-03T02:19:00.000Z",
  "duration": "2 weeks",
  "system_ready": true,
  "components_status": {
    "multi_agent_system": "\u2705 OPERATIONAL",
    "langgraph_integration": "\u2705 SUCCESS",
    "web_interface": "\u2705 DEPLOYED",
    "quality_validation": "\u2705 WORKING",
    "comprehensive_testing": "\u2705 COMPLETED"
  },
  "performance_summary": {
    "workflows_implemented": 3,
    "average_success_rate": "85%",
    "best_performing": "LangGraph Enhanced (100%)",
    "most_reliable": "Simple Pipeline (75%)",
    "code_generation_quality": "Professional with personal style"
  },
  "technical_achievements": [
    "Successfully integrated trained model with multi-agent architecture",
    "Implemented LangGraph state management and workflow orchestration",
    "Created professional web interface with multiple workflow options",
    "Fixed critical improvement loop issue achieving 100% scores",
    "Demonstrated production-ready system with comprehensive testing"
  ],
  "ready_for": "Academic demonstration, Week 5-8 enhancements, Production pilot",
  "next_phase": {
    "focus": "Production enhancement and advanced features",
    "timeline": "Week 5-8 development",
    "priority": "Monitoring, optimization, deployment automation"
  }
}