{
  "creation_date": "2024-11-01T04:28:00+05:30",
  "total_files": 7,
  "files_included": [
    "FINAL_DATA_AI.json",
    "complete_training_dataset.json",
    "deepfake_project_pairs.json",
    "knowledge_distillation_pairs.json",
    "microsoft_ml_pairs.json",
    "papers_with_code_pairs.json",
    "cvpr_additional_pairs.json"
  ],
  "dataset_info": {
    "name": "FINAL_DATA_AI",
    "description": "Complete training dataset for Code-to-Research Pipeline Agent",
    "total_pairs": "335+ high-quality instruction-response pairs",
    "domains": [
      "Computer Vision",
      "Machine Learning",
      "Deep Learning",
      "Knowledge Distillation"
    ],
    "sources": [
      "CVPR 2024",
      "Papers with Code",
      "Personal Projects",
      "Microsoft ML"
    ],
    "quality": "~40% high-quality pairs, perfect for LoRA fine-tuning"
  },
  "next_steps": [
    "Convert to Alpaca format for training",
    "Setup LoRA fine-tuning with CodeLlama-7B",
    "Build multi-agent pipeline architecture",
    "Deploy Code-to-Research Pipeline Agent"
  ]
}